{"cameraMode":{"drawMode":0,"name":"Shaded","section":"Shading Mode"},"sceneLighting":true,"audioPlay":false,"sceneViewState":{"m_AlwaysRefresh":false,"showFog":true,"showSkybox":true,"showFlares":true,"showImageEffects":true,"showParticleSystems":true,"showVisualEffectGraphs":true,"m_FxEnabled":true},"in2DMode":false,"pivot":{"x":54.395530700683597,"y":-0.7571983337402344,"z":71.98542022705078},"rotation":{"x":-0.09928945451974869,"y":-0.7021610140800476,"z":0.09988805651664734,"w":-0.6979526281356812},"size":17.957548141479493,"orthographic":false}